ID,WD_eng,WD_url
Acehnese,Acehnese,http://www.wikidata.org/entity/Q27683
Acholi,Acholi,http://www.wikidata.org/entity/Q34926
Adja,Adja,http://www.wikidata.org/entity/Q35035
Afar,Afar,http://www.wikidata.org/entity/Q27811
Afrikaans,Afrikaans,http://www.wikidata.org/entity/Q14196
Afroasiatic,Afroasiatic,http://www.wikidata.org/entity/Q25268
Akan,Akan,http://www.wikidata.org/entity/Q28026
Albanian,Albanian,http://www.wikidata.org/entity/Q8748
Alemannic,Alemannic,http://www.wikidata.org/entity/Q131339
Algerian Arabic,Algerian Arabic,http://www.wikidata.org/entity/Q56499
Alsatian,Alsatian,http://www.wikidata.org/entity/Q8786
American English,American English,http://www.wikidata.org/entity/Q7976
Amharic,Amharic,http://www.wikidata.org/entity/Q28244
Arabic,Arabic,http://www.wikidata.org/entity/Q13955
Armenian,Armenian,http://www.wikidata.org/entity/Q8785
Assamese,Assamese,http://www.wikidata.org/entity/Q29401
Austrian German,Austrian German,http://www.wikidata.org/entity/Q306626
Awadhi,Awadhi,http://www.wikidata.org/entity/Q29579
Aymara,Aymara,http://www.wikidata.org/entity/Q4627
Azerbaijani,Azerbaijani,http://www.wikidata.org/entity/Q9292
Bagheli,Bagheli,http://www.wikidata.org/entity/Q2356364
Bagri,Bagri,http://www.wikidata.org/entity/Q2426319
Balinese,Balinese,http://www.wikidata.org/entity/Q33070
Balochi,Balochi,http://www.wikidata.org/entity/Q33049
Bambara,Bambara,http://www.wikidata.org/entity/Q33243
Bangla,Bangla,http://www.wikidata.org/entity/Q9610
Banjar,Banjar,http://www.wikidata.org/entity/Q33151
Banyumasan Javanese,Banyumasan Javanese,http://www.wikidata.org/entity/Q33219
Baoulé,Baoulé,http://www.wikidata.org/entity/Q35107
Bashkir,Bashkir,http://www.wikidata.org/entity/Q13389
Bavarian,Bavarian,http://www.wikidata.org/entity/Q29540
Beja,Beja,http://www.wikidata.org/entity/Q33025
Belarusian,Belarusian,http://www.wikidata.org/entity/Q9091
Bemba,Bemba,http://www.wikidata.org/entity/Q33052
Bhili,Bhili,http://www.wikidata.org/entity/Q33229
Bhojpuri,Bhojpuri,http://www.wikidata.org/entity/Q33268
Bodo,Bodo,http://www.wikidata.org/entity/Q33223
Bokmål,Bokmål,http://www.wikidata.org/entity/Q25167
Bono,Bono,http://www.wikidata.org/entity/Q34831
Bouyei,Bouyei,http://www.wikidata.org/entity/Q35100
Brahui,Brahui,http://www.wikidata.org/entity/Q33202
Brazilian Sign Language,Brazilian Sign Language,http://www.wikidata.org/entity/Q3436689
Bugis,Bugis,http://www.wikidata.org/entity/Q33190
Bulgarian,Bulgarian,http://www.wikidata.org/entity/Q7918
Burmese,Burmese,http://www.wikidata.org/entity/Q9228
Cameroon Pidgin,Cameroon Pidgin,http://www.wikidata.org/entity/Q35541
Cantonese,Cantonese,http://www.wikidata.org/entity/Q9186
Catalan,Catalan,http://www.wikidata.org/entity/Q7026
Cebuano,Cebuano,http://www.wikidata.org/entity/Q33239
Central Atlas Tamazight,Central Atlas Tamazight,http://www.wikidata.org/entity/Q49741
Central Bikol,Central Bikol,http://www.wikidata.org/entity/Q33284
Central Pashto,Central Pashto,http://www.wikidata.org/entity/Q5061628
Chechen,Chechen,http://www.wikidata.org/entity/Q33350
Chewa,Chewa,http://www.wikidata.org/entity/Q33273
Chhattisgarhi,Chhattisgarhi,http://www.wikidata.org/entity/Q33158
Chinese,Chinese,http://www.wikidata.org/entity/Q7850
Chittagonian,Chittagonian,http://www.wikidata.org/entity/Q33173
Chuvash,Chuvash,http://www.wikidata.org/entity/Q33348
Ciamis Sundanese,Ciamis Sundanese,http://www.wikidata.org/entity/Q110276967
Congo Swahili,Congo Swahili,http://www.wikidata.org/entity/Q10961696
Croatian,Croatian,http://www.wikidata.org/entity/Q6654
Cusco Quechua,Cusco Quechua,http://www.wikidata.org/entity/Q35147
Czech,Czech,http://www.wikidata.org/entity/Q9056
Dagaare,Dagaare,http://www.wikidata.org/entity/Q35159
Dagbani,Dagbani,http://www.wikidata.org/entity/Q32238
Daknī,Daknī,http://www.wikidata.org/entity/Q669431
Danish,Danish,http://www.wikidata.org/entity/Q9035
Dari,Dari,http://www.wikidata.org/entity/Q178440
Dazaga,Dazaga,http://www.wikidata.org/entity/Q56497
Dholuo,Dholuo,http://www.wikidata.org/entity/Q5414796
Dhundari,Dhundari,http://www.wikidata.org/entity/Q633359
Dinka,Dinka,http://www.wikidata.org/entity/Q56466
Dioula,Dioula,http://www.wikidata.org/entity/Q32706
Dogri,Dogri,http://www.wikidata.org/entity/Q32730
Domari,Domari,http://www.wikidata.org/entity/Q35394
Dutch,Dutch,http://www.wikidata.org/entity/Q7411
Eastern Min,Eastern Min,http://www.wikidata.org/entity/Q36455
Eastern Tamang,Eastern Tamang,http://www.wikidata.org/entity/Q12953177
Edo,Edo,http://www.wikidata.org/entity/Q35375
Efik,Efik,http://www.wikidata.org/entity/Q35377
Egyptian Arabic,Egyptian Arabic,http://www.wikidata.org/entity/Q29919
Emilian,Emilian,http://www.wikidata.org/entity/Q1057898
Emilian–Romagnol,Emilian–Romagnol,http://www.wikidata.org/entity/Q242648
English,English,http://www.wikidata.org/entity/Q1860
Esperanto,Esperanto,http://www.wikidata.org/entity/Q143
Estonian,Estonian,http://www.wikidata.org/entity/Q9072
Ewe,Ewe,http://www.wikidata.org/entity/Q30005
Finnish,Finnish,http://www.wikidata.org/entity/Q1412
Fon,Fon,http://www.wikidata.org/entity/Q33291
French,French,http://www.wikidata.org/entity/Q150
Fula,Fula,http://www.wikidata.org/entity/Q33454
Galician,Galician,http://www.wikidata.org/entity/Q9307
Gamo-Gofa-Dawro,Gamo-Gofa-Dawro,http://www.wikidata.org/entity/Q56323
Gan Chinese,Gan Chinese,http://www.wikidata.org/entity/Q33475
Garhwali,Garhwali,http://www.wikidata.org/entity/Q33459
Georgian,Georgian,http://www.wikidata.org/entity/Q8108
German,German,http://www.wikidata.org/entity/Q188
Ghanaian Pidgin English,Ghanaian Pidgin English,http://www.wikidata.org/entity/Q5555465
Gikuyu,Gikuyu,http://www.wikidata.org/entity/Q33587
Gilaki,Gilaki,http://www.wikidata.org/entity/Q33657
Goan Konkani,Goan Konkani,http://www.wikidata.org/entity/Q5575236
Gondi,Gondi,http://www.wikidata.org/entity/Q1775361
Greek,Greek,http://www.wikidata.org/entity/Q9129
Gujarati,Gujarati,http://www.wikidata.org/entity/Q5137
Gun,Gun,http://www.wikidata.org/entity/Q3111668
Hadhrami Arabic,Hadhrami Arabic,http://www.wikidata.org/entity/Q3510366
Hainanese,Hainanese,http://www.wikidata.org/entity/Q934541
Haitian Creole,Haitian Creole,http://www.wikidata.org/entity/Q33491
Hakka Chinese,Hakka Chinese,http://www.wikidata.org/entity/Q33375
Haryanvi,Haryanvi,http://www.wikidata.org/entity/Q33410
Hassaniya Arabic,Hassaniya Arabic,http://www.wikidata.org/entity/Q56231
Hausa,Hausa,http://www.wikidata.org/entity/Q56475
Hazaragi,Hazaragi,http://www.wikidata.org/entity/Q33398
Hebrew,Hebrew,http://www.wikidata.org/entity/Q9288
Hijazi Arabic,Hijazi Arabic,http://www.wikidata.org/entity/Q56608
Hiligaynon,Hiligaynon,http://www.wikidata.org/entity/Q35978
Hindko,Hindko,http://www.wikidata.org/entity/Q382273
Hmong,Hmong,http://www.wikidata.org/entity/Q3307894
Ho,Ho,http://www.wikidata.org/entity/Q33270
Huizhou Chinese,Huizhou Chinese,http://www.wikidata.org/entity/Q56546
Hungarian,Hungarian,http://www.wikidata.org/entity/Q9067
Iban,Iban,http://www.wikidata.org/entity/Q33424
Igbo,Igbo,http://www.wikidata.org/entity/Q33578
Ilocano,Ilocano,http://www.wikidata.org/entity/Q35936
Indonesian,Indonesian,http://www.wikidata.org/entity/Q9240
Iranian Persian,Iranian Persian,http://www.wikidata.org/entity/Q3513637
Irish,Irish,http://www.wikidata.org/entity/Q9142
Isan,Isan,http://www.wikidata.org/entity/Q33417
Italian,Italian,http://www.wikidata.org/entity/Q652
Jamaican Patois,Jamaican Patois,http://www.wikidata.org/entity/Q35939
Japanese,Japanese,http://www.wikidata.org/entity/Q5287
Javanese,Javanese,http://www.wikidata.org/entity/Q33549
Jinnish,Jinnish,http://www.wikidata.org/entity/Q56479
K’iche’,K’iche’,http://www.wikidata.org/entity/Q36494
Kabardian,Kabardian,http://www.wikidata.org/entity/Q33522
Kabyle,Kabyle,http://www.wikidata.org/entity/Q35853
Kam,Kam,http://www.wikidata.org/entity/Q35379
Kamba,Kamba,http://www.wikidata.org/entity/Q2574767
Kannada,Kannada,http://www.wikidata.org/entity/Q33673
Kanuri,Kanuri,http://www.wikidata.org/entity/Q36094
Kapampangan,Kapampangan,http://www.wikidata.org/entity/Q36121
Karai-karai,Karai-karai,http://www.wikidata.org/entity/Q3438770
Karay-a,Karay-a,http://www.wikidata.org/entity/Q33720
Karenic,Karenic,http://www.wikidata.org/entity/Q1364815
Kashmiri,Kashmiri,http://www.wikidata.org/entity/Q33552
Kazakh,Kazakh,http://www.wikidata.org/entity/Q9252
Kelantan-Pattani Malay,Kelantan-Pattani Malay,http://www.wikidata.org/entity/Q1199751
Khalkha Mongolian,Khalkha Mongolian,http://www.wikidata.org/entity/Q6399808
Khams Tibetan,Khams Tibetan,http://www.wikidata.org/entity/Q56601
Khandeshi,Khandeshi,http://www.wikidata.org/entity/Q33726
Khmer,Khmer,http://www.wikidata.org/entity/Q9205
Kiga,Kiga,http://www.wikidata.org/entity/Q3270727
Kinyarwanda,Kinyarwanda,http://www.wikidata.org/entity/Q33573
Kirundi,Kirundi,http://www.wikidata.org/entity/Q33583
Kongo,Kongo,http://www.wikidata.org/entity/Q33702
Kongu Tamil,Kongu Tamil,http://www.wikidata.org/entity/Q6429269
Konkani,Konkani,http://www.wikidata.org/entity/Q34239
Korean,Korean,http://www.wikidata.org/entity/Q9176
Kumaoni,Kumaoni,http://www.wikidata.org/entity/Q33529
Kurdish,Kurdish,http://www.wikidata.org/entity/Q36368
Kurmanji,Kurmanji,http://www.wikidata.org/entity/Q36163
Kurukh,Kurukh,http://www.wikidata.org/entity/Q33492
Kyrgyz,Kyrgyz,http://www.wikidata.org/entity/Q9255
Laki,Laki,http://www.wikidata.org/entity/Q56483
Lambadi,Lambadi,http://www.wikidata.org/entity/Q33474
Lango,Lango,http://www.wikidata.org/entity/Q35670
Lao,Lao,http://www.wikidata.org/entity/Q9211
Latvian,Latvian,http://www.wikidata.org/entity/Q9078
Leeward Caribbean Creole,Leeward Caribbean Creole,http://www.wikidata.org/entity/Q3244184
Levantine Arabic,Levantine Arabic,http://www.wikidata.org/entity/Q56593
Libyan Arabic,Libyan Arabic,http://www.wikidata.org/entity/Q56503
Limburgish,Limburgish,http://www.wikidata.org/entity/Q102172
Lingala,Lingala,http://www.wikidata.org/entity/Q36217
Lithuanian,Lithuanian,http://www.wikidata.org/entity/Q9083
Lombard,Lombard,http://www.wikidata.org/entity/Q33754
Low German,Low German,http://www.wikidata.org/entity/Q25433
Luba-Kasai,Luba-Kasai,http://www.wikidata.org/entity/Q34173
Luganda,Luganda,http://www.wikidata.org/entity/Q33368
Macedonian,Macedonian,http://www.wikidata.org/entity/Q9296
Madurese,Madurese,http://www.wikidata.org/entity/Q36213
Magahi,Magahi,http://www.wikidata.org/entity/Q33728
Maguindanao,Maguindanao,http://www.wikidata.org/entity/Q33717
Maithili,Maithili,http://www.wikidata.org/entity/Q36109
Makassar,Makassar,http://www.wikidata.org/entity/Q33643
Makhuwa,Makhuwa,http://www.wikidata.org/entity/Q33882
Makonde,Makonde,http://www.wikidata.org/entity/Q35172
Malagasy,Malagasy,http://www.wikidata.org/entity/Q7930
Malay,Malay,http://www.wikidata.org/entity/Q9237
Malayalam,Malayalam,http://www.wikidata.org/entity/Q36236
Malaysian Malay,Malaysian Malay,http://www.wikidata.org/entity/Q15065
Malvi,Malvi,http://www.wikidata.org/entity/Q33413
Mandailing Batak,Mandailing Batak,http://www.wikidata.org/entity/Q2891049
Mandarin,Mandarin,http://www.wikidata.org/entity/Q9192
Mandinka,Mandinka,http://www.wikidata.org/entity/Q33678
Maninka,Maninka,http://www.wikidata.org/entity/Q36186
Marathi,Marathi,http://www.wikidata.org/entity/Q1571
Marwari,Marwari,http://www.wikidata.org/entity/Q56312
Marwari,Marwari,http://www.wikidata.org/entity/Q65455884
Mazanderani,Mazanderani,http://www.wikidata.org/entity/Q13356
Meitei,Meitei,http://www.wikidata.org/entity/Q33868
Merwari,Merwari,http://www.wikidata.org/entity/Q11732445
Mesopotamian Arabic,Mesopotamian Arabic,http://www.wikidata.org/entity/Q56232
Mewari,Mewari,http://www.wikidata.org/entity/Q2992857
Mewati,Mewati,http://www.wikidata.org/entity/Q2605943
Miao,Miao,http://www.wikidata.org/entity/Q33813
Minangkabau,Minangkabau,http://www.wikidata.org/entity/Q13324
Modern Greek,Modern Greek,http://www.wikidata.org/entity/Q36510
Mongolian,Mongolian,http://www.wikidata.org/entity/Q9246
Mooré,Mooré,http://www.wikidata.org/entity/Q36096
Moroccan Darija,Moroccan Darija,http://www.wikidata.org/entity/Q56426
Mundari,Mundari,http://www.wikidata.org/entity/Q3327828
Muong,Muong,http://www.wikidata.org/entity/Q3236789
Nagpuri,Nagpuri,http://www.wikidata.org/entity/Q765922
Nahuatl,Nahuatl,http://www.wikidata.org/entity/Q13300
Neapolitan,Neapolitan,http://www.wikidata.org/entity/Q33845
Negeri Sembilan Malay,Negeri Sembilan Malay,http://www.wikidata.org/entity/Q3915909
Nepali,Nepali,http://www.wikidata.org/entity/Q33823
New Persian,New Persian,http://www.wikidata.org/entity/Q56356571
Nigerian Fulfulde,Nigerian Fulfulde,http://www.wikidata.org/entity/Q36129
Nigerian Pidgin,Nigerian Pidgin,http://www.wikidata.org/entity/Q33655
Nimadi,Nimadi,http://www.wikidata.org/entity/Q3502294
North Azerbaijani,North Azerbaijani,http://www.wikidata.org/entity/Q3515311
North Levantine Arabic,North Levantine Arabic,http://www.wikidata.org/entity/Q22809485
Northern Khmer,Northern Khmer,http://www.wikidata.org/entity/Q3502234
Northern Luri,Northern Luri,http://www.wikidata.org/entity/Q19933293
Northern Min,Northern Min,http://www.wikidata.org/entity/Q36457
Northern Ndebele,Northern Ndebele,http://www.wikidata.org/entity/Q35613
Northern Pashto,Northern Pashto,http://www.wikidata.org/entity/Q12642194
Northern Sotho,Northern Sotho,http://www.wikidata.org/entity/Q33890
Northern Thai,Northern Thai,http://www.wikidata.org/entity/Q565110
Norwegian,Norwegian,http://www.wikidata.org/entity/Q9043
Nuosu,Nuosu,http://www.wikidata.org/entity/Q34235
Odia,Odia,http://www.wikidata.org/entity/Q33810
Oromo,Oromo,http://www.wikidata.org/entity/Q33864
Pangasinan,Pangasinan,http://www.wikidata.org/entity/Q33879
Pashto,Pashto,http://www.wikidata.org/entity/Q58680
Persian,Persian,http://www.wikidata.org/entity/Q9168
Piedmontese,Piedmontese,http://www.wikidata.org/entity/Q15085
Polish,Polish,http://www.wikidata.org/entity/Q809
Portuguese,Portuguese,http://www.wikidata.org/entity/Q5146
Pulaar,Pulaar,http://www.wikidata.org/entity/Q1420205
Punjabi,Punjabi,http://www.wikidata.org/entity/Q58635
Pu-Xian Min,Pu-Xian Min,http://www.wikidata.org/entity/Q56583
Quechua,Quechua,http://www.wikidata.org/entity/Q5218
Rajasthani,Rajasthani,http://www.wikidata.org/entity/Q13196
Rohingya,Rohingya,http://www.wikidata.org/entity/Q3241177
Romagnol,Romagnol,http://www.wikidata.org/entity/Q1641543
Romani,Romani,http://www.wikidata.org/entity/Q13201
Romanian,Romanian,http://www.wikidata.org/entity/Q7913
Runyankole,Runyankole,http://www.wikidata.org/entity/Q13207
Russian,Russian,http://www.wikidata.org/entity/Q7737
Sabah Malay,Sabah Malay,http://www.wikidata.org/entity/Q10867404
Saʽidi Arabic,Saʽidi Arabic,http://www.wikidata.org/entity/Q56592
Sambalpuri,Sambalpuri,http://www.wikidata.org/entity/Q6433240
Sanʽani Arabic,Sanʽani Arabic,http://www.wikidata.org/entity/Q56578
Sango,Sango,http://www.wikidata.org/entity/Q33954
Santali,Santali,http://www.wikidata.org/entity/Q33965
Saraiki,Saraiki,http://www.wikidata.org/entity/Q33902
Sardinian,Sardinian,http://www.wikidata.org/entity/Q33976
Sasak,Sasak,http://www.wikidata.org/entity/Q1294047
Scots,Scots,http://www.wikidata.org/entity/Q14549
Sebat Bet Gurage,Sebat Bet Gurage,http://www.wikidata.org/entity/Q2707343
Serbian,Serbian,http://www.wikidata.org/entity/Q9299
Serbo-Croatian,Serbo-Croatian,http://www.wikidata.org/entity/Q9301
Serer,Serer,http://www.wikidata.org/entity/Q36284
Sesotho,Sesotho,http://www.wikidata.org/entity/Q34340
S'gaw Karen,S'gaw Karen,http://www.wikidata.org/entity/Q56410
Shan,Shan,http://www.wikidata.org/entity/Q56482
Shawiya,Shawiya,http://www.wikidata.org/entity/Q33274
Shilluk,Shilluk,http://www.wikidata.org/entity/Q36486
Shona,Shona,http://www.wikidata.org/entity/Q34004
Sicilian,Sicilian,http://www.wikidata.org/entity/Q33973
Sidamo,Sidamo,http://www.wikidata.org/entity/Q33786
Sindhi,Sindhi,http://www.wikidata.org/entity/Q33997
Sinhala,Sinhala,http://www.wikidata.org/entity/Q13267
Slovak,Slovak,http://www.wikidata.org/entity/Q9058
Slovene,Slovene,http://www.wikidata.org/entity/Q9063
Somali,Somali,http://www.wikidata.org/entity/Q13275
Soninke,Soninke,http://www.wikidata.org/entity/Q36660
Sorani,Sorani,http://www.wikidata.org/entity/Q36811
South Azerbaijani,South Azerbaijani,http://www.wikidata.org/entity/Q3449805
South Bolivian Quechua,South Bolivian Quechua,http://www.wikidata.org/entity/Q1307730
South Levantine Arabic,South Levantine Arabic,http://www.wikidata.org/entity/Q55633582
Southern Kurdish,Southern Kurdish,http://www.wikidata.org/entity/Q1496597
Southern Min,Southern Min,http://www.wikidata.org/entity/Q36495
Southern Pashto,Southern Pashto,http://www.wikidata.org/entity/Q16112855
Southern Thai,Southern Thai,http://www.wikidata.org/entity/Q56508
Southern Uzbek,Southern Uzbek,http://www.wikidata.org/entity/Q1066787
Spanish,Spanish,http://www.wikidata.org/entity/Q1321
Standard Estonian,Standard Estonian,http://www.wikidata.org/entity/Q12361545
Standard Indonesian,Standard Indonesian,http://www.wikidata.org/entity/Q110620923
Standard Mandarin,Standard Mandarin,http://www.wikidata.org/entity/Q727694
Standard Persian,Standard Persian,http://www.wikidata.org/entity/Q17993025
Sudanese Arabic,Sudanese Arabic,http://www.wikidata.org/entity/Q56573
Sukuma,Sukuma,http://www.wikidata.org/entity/Q2638144
Sundanese,Sundanese,http://www.wikidata.org/entity/Q34002
Susu,Susu,http://www.wikidata.org/entity/Q33990
Swahili,Swahili,http://www.wikidata.org/entity/Q7838
Swahili,Swahili,http://www.wikidata.org/entity/Q3197533
Swazi,Swazi,http://www.wikidata.org/entity/Q34014
Swedish,Swedish,http://www.wikidata.org/entity/Q9027
Swiss German,Swiss German,http://www.wikidata.org/entity/Q387066
Sylheti,Sylheti,http://www.wikidata.org/entity/Q2044560
Tày,Tày,http://www.wikidata.org/entity/Q2511476
Tachelhit,Tachelhit,http://www.wikidata.org/entity/Q34152
Taʽizzi-Adeni Arabic,Taʽizzi-Adeni Arabic,http://www.wikidata.org/entity/Q56579
Tagalog,Tagalog,http://www.wikidata.org/entity/Q34057
Tajik,Tajik,http://www.wikidata.org/entity/Q9260
Tamil,Tamil,http://www.wikidata.org/entity/Q5885
Tarifit,Tarifit,http://www.wikidata.org/entity/Q34174
Tatar,Tatar,http://www.wikidata.org/entity/Q25285
Tausug,Tausug,http://www.wikidata.org/entity/Q34142
Telugu,Telugu,http://www.wikidata.org/entity/Q8097
Thai,Thai,http://www.wikidata.org/entity/Q9217
Tibetan,Tibetan,http://www.wikidata.org/entity/Q34271
Tigrinya,Tigrinya,http://www.wikidata.org/entity/Q34124
Toba Batak,Toba Batak,http://www.wikidata.org/entity/Q33017
Tok Pisin,Tok Pisin,http://www.wikidata.org/entity/Q34159
Tonga,Tonga,http://www.wikidata.org/entity/Q34101
Tosk,Tosk,http://www.wikidata.org/entity/Q180937
Tsonga,Tsonga,http://www.wikidata.org/entity/Q34327
Tswa,Tswa,http://www.wikidata.org/entity/Q2085051
Tswana,Tswana,http://www.wikidata.org/entity/Q34137
Tuareg,Tuareg,http://www.wikidata.org/entity/Q34065
Tulu,Tulu,http://www.wikidata.org/entity/Q34251
Tumbuka,Tumbuka,http://www.wikidata.org/entity/Q34138
Tunisian Arabic,Tunisian Arabic,http://www.wikidata.org/entity/Q56240
Turkish,Turkish,http://www.wikidata.org/entity/Q256
Turkmen,Turkmen,http://www.wikidata.org/entity/Q9267
Twi,Twi,http://www.wikidata.org/entity/Q36850
Ukrainian,Ukrainian,http://www.wikidata.org/entity/Q8798
Umbundu,Umbundu,http://www.wikidata.org/entity/Q36983
Upper Saxon,Upper Saxon,http://www.wikidata.org/entity/Q699284
Urhobo,Urhobo,http://www.wikidata.org/entity/Q36663
Uyghur,Uyghur,http://www.wikidata.org/entity/Q13263
Uzbek,Uzbek,http://www.wikidata.org/entity/Q9264
Valencian,Valencian,http://www.wikidata.org/entity/Q32641
Venda,Venda,http://www.wikidata.org/entity/Q32704
Venetian,Venetian,http://www.wikidata.org/entity/Q32724
Vietnamese,Vietnamese,http://www.wikidata.org/entity/Q9199
Waray,Waray,http://www.wikidata.org/entity/Q34279
West Flemish,West Flemish,http://www.wikidata.org/entity/Q100103
West Low German,West Low German,http://www.wikidata.org/entity/Q168446
Western Armenian,Western Armenian,http://www.wikidata.org/entity/Q180945
Wolayttattuwa,Wolayttattuwa,http://www.wikidata.org/entity/Q36943
Wolof,Wolof,http://www.wikidata.org/entity/Q34257
Wu Chinese,Wu Chinese,http://www.wikidata.org/entity/Q34290
Xhosa,Xhosa,http://www.wikidata.org/entity/Q13218
Xiang Chinese,Xiang Chinese,http://www.wikidata.org/entity/Q13220
Yongbei Zhuang,Yongbei Zhuang,http://www.wikidata.org/entity/Q8054983
Yoruba,Yoruba,http://www.wikidata.org/entity/Q34311
Yue Chinese,Yue Chinese,http://www.wikidata.org/entity/Q7033959
Zazaki,Zazaki,http://www.wikidata.org/entity/Q10199
Zhuang,Zhuang,http://www.wikidata.org/entity/Q13216
Zulu,Zulu,http://www.wikidata.org/entity/Q10179
